Order,Family,Original order,Link to Claim,Last Name,Maiden Name,First Name,Relation to Head of Household,Number of Family Members (Including Head),Age,Sex,Race,Occupation,Household Inventory # n=420,1375 people,Household,Family Notes
4,RES.007,306,Link to Claim Images,Abraham,,Joanna,Head,1,?,F,W,Widow,4,1,Joanna Abraham,"Daughter Elizabeth is 27 and may have moved out, Son Willliam 24 may have moved out, "
5,RES.013,193,No Claim Found,Adams,,Nathaniel,Head,2,?,M,W,Tin worker,5,2,Nathaniel Adams (?)< Susanna (Prescott) (?),
7,RES.011,197,Link to Claim Images,Adams,,Joseph,Head,5,?,M,W,Deacon,6,5,"Joseph Adams (?), Hannah Hall (48), Rebecca (22), Mary, Nathan (12)",Rebecca may have been gone in 1775. 5 if she is there
15,RES.022,21,Link to Claim Images,Austin,,Mary,Head,2,?,F,W,Widow,10,2,"Mary Austin (?), Mary (13)","Widow of Josiah, multiple other children likely too old to be at home"
20,RES.025,203,Link to Claim Images,Austin,,Nathaniel,Head,5,34,M,W,Pewterer,14,5,"Nathaniel Austin (34), Margaret Rand (33), Margaret (5), Nathaniel (3), Isaac (1)",
25,RES.024,240,No Claim Found,Austin,,Nathaniel,Head,6,34,M,W,Goldsmith,15,6,"Nathaniel Austin(30), Anna Kent (34), Nathaniel (14), Anna (11), Sarah (10), Thomas (4) ",
31,RES.021,241,Link to Claim Images,Austin,,Josiah,Head,4,19,M,W,Cabinet maker,16,4,"Josiah Austin (19), Hepzibah Larkin (?), Hephzibah (3), Mary (2)",
35,RES.026,242,Link to Claim Images,Austin,,Ruth,Head,1,64,F,W,Widow,17,1,Ruth Austin (64),Widow of Captain Thomas
36,RES.019,258,No Claim Found,Austin,,John,Head,9,53,M,W,Carver,18,9,"John Austin (53), Susanna Screech (?), Susanna (21), John (19), Mary (17), Thomas (13), James (10), Richard (8), Agnes (6)",
48,RES.016,493,Link to Claim Images,Austin,,Ebenezer,Head,1,42,M,W,Silversmith,21,0,Ebenezer Austin (42),lives in Hartford
50,RES.030,51,Link to Claim Images,Barber,,William,Head,9,?,M,W,Sea captain,23,9,"William Barber (?), Anne Hay (?), Abigain (20), Isaac (16), Edward (14), David (12), Jane (9), Hannah (7), Thomas (5).",Edward shot by troops at Charlestown Neck following battle of Lexington and Concord
60,,,,Barker,,Barnabas,Father,3,?,M,W,Housewright,24,,,
76,RES.035,82,No Claim Found,Beal,,Joshua,Head,2,?,M,W,Sea captain,28,2,"Joshua Beal (?), Hannah Howard (?)",
79,RES.494,496,,Best,Phillips/Fosdick,Katherine,Head,1,65,F,W,Widow,30,1,Katherine (Fosdick) Best (?),Widow of James Best d. 1760
97,RES.042,27,No Claim Found,Boylston,,Richard,Head,7,53,M,W,Brazier,34,7,"Richard Boylston (53), Parnel Foster (60), Martha (19), Ann (17), Thomas (15), Parnel (11), Hannah (9)",
105,RES.047,46,Link to Claim Images,Bradish,,Jonathan,Head,10,62,M,W,Glazier,36,10,"Jonathan Bradish (62), Abigail Johnson (61), Abigail (?), Isaac, Susanna, Eleazer, Catherine, Billings, David, John",
115,RES.044,132,Link to Claim Images,Bradish,,James,Head,2,52,M,W,Blacksmith,37,1,"James Bradish (52), Mary Sterns (46)",
117,RES.045,133,Link to Claim Images,Bradish,,James,Head,2,66,M,W,Blacksmith,38,2,"James Bradish (66), Sarah Kettell (38),",
125,RES.048,199,Link to Claim Images,Bradstreet,,Sarah,Head,1,57,F,W,Widow,41,1,Sarah Bradstreet (57),Children appear too old to be at home
126,RES.050,57,Link to Claim Images,Brazer,,Samuel,Head,1,47,M,W,Housewright,42,1,Samuel Brazer (47),
147,RES.054,12,No Claim Found,Breed,,Ebenezer,Head,6,33,M,W,Tin worker,47,6,"Ebenezer Breed (33), Mary Trumbel (24), James-Trumbul (7), John (5), Ebenezer (4), John (2), ",Possibly another child (richard-foster) if born in 1774/5
156,RES.056,385,No Claim Found,Bryan,Penney/Treworgia,Elizabeth,Head,2,?,F,W,Widow,49,2,"Elizabeth Treworgia (?), Sarah (19)",
158,RES.058,235,No Claim Found,Brigden,,Timothy,Head,8,49,M,W,Blacksmith,50,8,"Timothy Brigden(49), Sarah Hutchinson (49),  Sarah (12), Winifred (11), Ruth (9), Elizabeth (7), Michael (5), Timothy (2), ",
166,RES.062,47,Link to Claim Images,Brown,,Nathaniel,Head,7,?,M,W,Inn holder,51,7,"Nathaniel Brown (?), Mary (?), William (7), Samuel (5), Jonathan-Fox (5), Charles (1), Zipporah (?)",
172,,,,,,Zipporah,Enslaved,0,?,W,B,Enslaved,51,,,"Zipporah (wife of Cesar, enslaved by Ebenezer Brooks)"
173,RES.059,247,No Claim Found,Brown,,Benjamin,Head,2,?,M,W,Boat builder,52,2,"Benjamin Brown (?), Anna Boyston (64)",
190,RES.066,239,No Claim Found,Calder,,William,Head,8,55,M,W,Painter,58,8,"William Calder (55), Anne Easterbrook (39), William (15), Robert (14), Anna (10), John (8), George (4), James (2)",
198,RES.067,38,Link to Claim Images,Call,,Caleb,Head,7,57,M,W,Esquire,59,7,"Caleb Call (57), Lydia Greenleaf (57), Samuel (19), Anne (17), Elizabeth (16), John (13), Martha (11)","Lydia Greenleaf marries Caleb in 1775, likely pre-war. Caleb son of caleb"
205,RES.072,40,Link to Claim Images,Call,Lynde,Hannah,Head,1,?,F,W,Widow,60,1,Hannah Lynde (?),Widow of Caleb son of Thomas
206,RES.070,75,Link to Claim Images,Call,Rand,Sarah,Head,1,85,F,W,Widow,61,1,Sarah Rand (?),"Widow of Thomas son of Thomas, Book states sarah dies in 1761 but also that she claims in 1775"
207,RES.068,98,Link to Claim Images,Call,,Isaac,Head,2,37,M,W,Chaise maker,62,2,"Isaac Call (37), Esther Frothingham (?)",
209,RES.069,224,Link to Claim Images,Call,,James,Head,6,40,M,W,Cooper,63,6,"James Call (40), Mary Bradish (?), Jonathan (13), Mary (11), James (9), thomas (5)",Did not count first thomas assuming he had died by the time second Thomas born
215,RES.074,272,Link to Claim Images,Capen,,William,Head,3,30,M,W,Ship joiner,64,3,"William Capen(30), Martha Goodwin (?), Martha (6)",
218,RES.073,273,Link to Claim Images,Capen,,Sarah,Head,1,63,F,W,Widow,65,1,Sarah Capen (63),Sarah Pinson Jr. widow of James son of James
219,RES.075,206,Link to Claim Images,Carter,,John,Head,6,21,M,W,Housewright,66,6,"John (21), Hannah Sterns (29), John (6), Hannah (4), Daniel (2), Isaac (1)",Hannah was pregnant with Mehitable (born Nov 21 1775) in June
225,RES.079,10,Link to Claim Images,Cary,,Richard,Head,3,59,M,W,Distiller,67,3,"Richard Cary (59), Anna (?), Anne (23)","Anne married in 1783. Difficult to understand how enslaved people moved among the family, but Richard's father, Samuel, recorded with at least three enslaved people: Jupiter, Marcah, Tartar, and Wenham, possibly a fifth infant, all around 1741. may be at Richard, the oldest son, or other family. They were to be divided among family but no records found describing if or how they were divided."
239,RES.083,314,Link to Claim Images,Chamberlin,,Wilson,Head,7,50,M,W,Cabinet maker,73,7,"Wilson Chamberlain (50), Elizabeth Austin (?), Wilson (17), Richard (15), Joseph (12), William (10), Thankful (7)",
246,RES.082,364,Link to Claim Images,Chamberlin,Phillips,Mary,Head,6,53,F,W,Widow,74,6,"Mary Phillips (?), William (19), Samuel (18), Garland (16), Samuel (14), Benjamin (9)",Wife of John
252,RES.084,302,Link to Claim Images,Chapman,Stone,Jemima,Head,5,47,F,W,Widow,75,5,"Jemima Stone (47), Jonathan (19), Richard (15), William (12), Sarah (10) ",Husband is Jonathan son of Thomas
257,RES.085,110,Link to Claim Images,Cheever,,David,Head,2,53,M,W,Distiller,76,2,"David Cheever (53), Elizabeth Gray (?), ","all children 21+. David received the real estate of his father, ezekiel, but no mention  of E.'s enslaved man, Adam, from 1740 document. Adam may be at this house or elsewhere, but likely lived in the house in the 1740s."
259,RES.087,192,No Claim Found,Cheever,Hentz,Elizabeth,Head,2,?,F,W,Widow,77,2,"Elizabeth (hentz), Thomas Cheever ",Ezekiel dies in 1770
261,RES.086,205,Link to Claim Images,Cheever,,Ezekiel,Head,6,55,M,W,Sugar baker,78,6,"Ezekiel Cheever (55), Sarah Weaver (?), Abigail (21), Grace (18), Jonathan (16), Joshua (14)",
267,RES.088,421,Link to Claim Images,Choate,,Samuel,Head,5,?,M,W,Housewright,79,5,"Samuel Choate (?), Susanna Pierce (39), Samuel (?), James (?), Susanna (?)","May be more children, more listed in 1789 census"
272,RES.089,165,Link to Claim Images,Clark,,Matthew,Head,2,?,M,W,Sea captain,80,2,"Matthew Clark (?), Abigail Rand (24), ",
286,,,,,,Pomp,Enslaved,1,?,M,B,Enslaved,82,,,
287,,,,,,Tom,Enslaved,1,?,M,B,Enslaved,82,,,
288,,,,,,Cuffe,Enslaved,1,?,M,B,Enslaved,82,,,
289,,,,,,Scipio,Enslaved,1,?,M,B,Enslaved,82,,,
290,,,,,,Phoebe,Enslaved,1,?,F,B,Enslaved,82,,,
299,RES.092,215,Link to Claim Images,Conant,,Samuel,Head,10,40,M,W,Baker,84,10,"Samuel Conant (40), Rebecca Coffin (43), Samuel (20), Rebecca (18), Jacob (16), John (14), Abigail (12), John (7), William-Harris (5), Rebecca (1)",
309,RES.100,156,Link to Claim Images,Davis,Goodwin,Sarah,Head,1,?,F,W,Widow,85,1,Sarah Goodwin (?),Widow of James
314,RES.102,425,Link to Claim Images,Delande,Upham,Judith,Head,5,57,F,W,Widow,90,5,"Judith Upham (57), Susanna (20), Jonathan (16), David (13), Elizabeth (11)",
319,RES.104,8,No Claim Found,Devens,,Richard ,Head,6,?,M,W,Cooper,91,6,"Richard Devens (?), Mary Townsend (52), Mary (19), Elizabeth (16), Abigail (14), Rachel (12) ",
325,RES.103,281,Link to Claim Images,Devens,,David,Head,4,28,M,W,Merchant,92,4,"David Devens (28), Elizabeth Goodwin (28), Elizabeth (2), Polly (4 mo) ",
331,RES.106,91,Link to Claim Images,Dexter,,Nathan ,Head,3,?,M,W,Cordwainer,94,3,"Nathan Dexter (?), Phebe (?), Phebe (1), ",
334,RES.109,253,Link to Claim Images,Dizert,Bodge,Mary,Head,1,57,F,W,Widow,95,1,Mary Bodge (57),Wife of Francis
335,RES.107,260,Link to Claim Images,Dizert,,Ann,Head,1,?,F,W,Widow,96,1,Ann Dizer,Wife of Francis son of Francis
337,RES.111,54,Link to Claim Images,Douse,,Eleazer,Head,6,48,M,W,Leather dresser,98,6,"Eleazer Dowse (48), Mehitable Barker (48), Joseph (15), John (9), James (6), Thomas (4), ",
345,RES.113,352,No Claim Found,Douse,,Nathaniel,Head,6,60,M,W,Sea captain,100,6,"Nathaniel Dowse(60), Margaret Temple (?), Robert (19), Edward (?), Mary (?)",
350,,,,,,Bacchus,Enslaved,0,?,M,B,Enslaved,100,,,
359,RES.114,100,No Claim Found,Eaton,,Daniel,Head,5,32,M,W,Trader,104,5,"Daniel Eaton (32), Thankful Kenny(?), Thankful (17), Sarah (3), Elizabeth (1)",
364,RES.119,15,Link to Claim Images,Edes,Reed,Sarah,Head,5,?,F,W,Widow,105,5,"Sarah (Reed) Edes (?), Grace (16), Jonathan (14), Hulda (8), Abigail (7)",Samuel died in 1761
369,RES.116,23,No Claim Found,Edes,Harris,Huldah,Head,6,71,F,W,Widow,106,1,"Huldah (Harris) Edes (?), ",Widow of Samuel
370,RES.118,35,No Claim Found,Edes,,Peter,Head,5,69,M,W,Hatter,107,5,"Peter Edes (69), Anna Haskell (34), Stephen (12), Anna (10), Edward (7)",
375,RES.117,42,No Claim Found,Edes,,Isaiah,Head,8,44,M,W,Committee member,108,8,"Isaah Edes (44), Mary Kemp (?), Agnes (18), Peter (16), Isaiah (6), Anna (?), Benjamin (?), Grace (?) ",
383,RES.120,138,Link to Claim Images,Edmands,,David,Head,2,63,M,W,Hatter,109,2,"David Edmands (63), Hannah Hatch (?), ",Adult children
385,RES.121,139,Link to Claim Images,Edmands,,David,Head,6,33,M,W,Housewright,110,6,"David Edmands (33), Sarah Manning (?), David (11), Sarah (4), Thomas (2), John (7 mo),",
394,RES.123,317,Link to Claim Images,Edy,Waters,Abigail,Head,1,?,F,W,Widow,112,1,Abigail (Waters) Eddy (?),Wife of Parker Eddy
395,RES.124,389,Link to Claim Images,Ellery,Barrow,Relief,Head,1,50,F,W,Widow,113,1,Reliev (Barrow) Ellery (?),wife of William Ellery
396,RES.125,92,No Claim Found,Fenton,,John,Head,2,?,M,W,Sea Captain,114,2,"John Fenton (?), Elizabeth (?), ",
405,,,,,,Charlestown,enslaved,0,?,M,B,Enslaved,117,,,
406,RES.129,30,Link to Claim Images,Ford,,William,Head,2,70,M,W,Mariner,118,2,"William Ford (70), Sarah Edes (?), ",Adult children
408,RES.130,86,Link to Claim Images,Fosdick,,James,Head,5,59,M,W,Card Marker,119,5,"James Fosdick (59), Elizabeth Darling (55), Jesse (20), David (18), Sarah (15)",
413,RES.132,104,Link to Claim Images,Fosdick,,William,Head,1,34,M,W,Soldier,120,1,"William Fosdick (34), ",
414,RES.131,358,Link to Claim Images,Fosdick,Collis,Mercy,Head,5,35,F,W,Widow,121,5,"Mercy (Collis) Fosdick (?), Mary (12), Sarah (10), Abigail (8), Elizabeth (6)","Wife of James, sister in law of William"
419,RES.133,24,Link to Claim Images,Foster,,Isaac,Head,4,72,M,W,Sea captain,122,3,"Isaac  Foster (72), Eleanor Wyer (61), Dinah enslaved",
421,,,,,,Dinah,Enslaved,0,?,F,B,Enslaved,122,,,
422,RES.135,123,Link to Claim Images,Foster,,Richard,Head,1,82,M,W,Sea captain,123,1,Richard Foster (82),"Adult children, alll wives deceased. Declaired impaired mind in 1773"
423,RES.134,313,Link to Claim Images,Foster,,Isaac Jr.,Head,6,34,M,W,Physician,124,6,"Isaac Foster Jr. (34), Mary Russel (?), Eleanor (17), Martha (5), Nancy (?), Mary-Beal (10 mo)",
430,RES.137,266,No Claim Found,Foye,,John,Head,1,40,M,W,Leather dresser,126,1,John Foye (40),
434,RES.141,392,Link to Claim Images,Frost,,James,Head,3,44,M,W,Physician,128,3,"James Frost (44), Mary Prentice, Ebenezer Roby (11) and others","""and others"" indicates minimum 3 people"
447,RES.147,29,Link to Claim Images,Frothingham,,John,Head,2,63,M,W,Mason,131,2,"John Frothingham (63), Esther Call (?)",adult children
449,RES.148,59,Link to Claim Images,Frothingham,,Joseph,Head,9,52,M,W,Chaise maker,132,9,"Joseph Frothingham (52), Deborah Rand (45), Mary (20), Joseph (15), Abraham (11), Deborah (9), Susanna (6), Nathaniel (4), Samuel (3)",
458,RES.144,64,Link to Claim Images,Frothingham,Miller,Abigail,Head,1,62,F,W,Widow,133,1,Abigail (Miller) Frothingham (62),Wife of Thomas
459,RES.154,65,Link to Claim Images,Frothingham,,Thomas,Head,3,37,M,W,Chaise maker,134,3,"Thomas Frothingham (37), Rebecca Wait (27), Thomas (1)",
462,RES.145,68,Link to Claim Images,Frothingham,,Benjamin,Head,6,41,M,W,Cabinet maker,135,6,"Benjamin Frothingham (41), Mary Deland (?), Mary (12), Esther (5), Sarah (2), Benjamin (1) ",
468,RES.153,69,Link to Claim Images,Frothingham,,Sarah,Head,1,70,F,W,Unmarried,136,1,Sarah Frothingham (70),Not certain this is the right person. Sarah born of Nathaniel in 1705 appears to remain unmarried and is alive at least until 1769
476,RES.150,96,Link to Claim Images,Frothingham,,Nathaniel,Head,7,53,M,W,Coach maker,138,6,"Nathaniel Frothingham (53), Ruth Tayler (36), Ebenezer (18), Susanna (14), Thomas (7),  ",Adult children
481,,,,,,Cato,Enslaved,0,?,M,B,Enslaved,138,,,
482,RES.151,97,No Claim Found,Frothingham,,Nathaniel Jr.,Head,2,29,M,W,Coach maker,139,2,"Nathaniel Frothingham Jr. (29), Rebecca Austin (?)",
484,RES.152,102,Link to Claim Images,Frothingham,,Samuel,Head,1,?,M,W,Fifer,140,1,Samuel Frothingham (?),
486,RES.149,300,Link to Claim Images,Frothingham,Sterns,Mercy,Head,2,42,F,W,Widow,142,2,"Mercy (Stearns) Frothingham (?), Katherine (17)",Widow of Joseph
488,RES.157,153,Link to Claim Images,Furz,Waters,Mary,Head,1,59,F,W,Widow,143,1,Mary Waters (?),Adult children
489,RES.158,178,Link to Claim Images,Gardner,King,Martha,Head,1,42,F,W,Leather dresser,144,1,"Martha (King) Gardner (42), ",James dies around 1776
490,RES.169,7,Link to Claim Images,Goodwin,,Thomas,Head,6,37,M,W,Chaise maker,145,6,"Thomas Goodwin (37), Sarah Masterman (?), Mary (12), Sarah (6), Thomas (4), John  (3)",
496,RES.165,148,No Claim Found,Goodwin,,David,Head,5,31,M,W,Housewright,146,5,"David Goodwin (31), Abigail Jenner (21), David (8), Abigail (6), John (3), ",
501,RES.163,149,Link to Claim Images,Goodwin,Cox,Ann,Head,6,?,F,W,Widow,147,6,"Ann (Cox) Goodwin (?), William (19), Elizabeth (17), Rebecca (15), Mary (14), Abigail (12)",
511,RES.166,282,Link to Claim Images,Goodwin,,Edward,Head,10,39,M,W,Lieutenant,149,10,"Edward Goodwin (39), Prudance Geohagan (30), Sarah (15), William (13), Sarah (12), Martha (12), Esther (7), Joseph (?), Martha (3), Edward (1)",
521,RES.170,318,Link to Claim Images,Goodwin,,William,Head,6,34,M,W,Chaise maker,150,6,"William Goodwin (34), Mary Waters (29), Mary (6), Daniel (4), William (2), Mary (1)",
528,RES.172,18,No Claim Found,Gorham,,Nathaniel,Head,9,37,M,W,Merchant,152,9,"Nathaniel Gorham (37), Rebecca Call (35), Nathaniel (11), Rebecca (10), Mary (7), Elizabeth (5), Ann (4), John (2), Benjamin (4 mo)",
537,RES.171,276,Link to Claim Images,Gorham,Soley,Mary,Head,1,58,F,W,Widow,153,1,Mary (Soley) Gorham (58),Adult children
538,"Same as 49-169 I think 68-372, 70-146, 63-137",494,,Gowin,,Hammond,Head,6,47,M,W,Sea captain,154,6,"Hammond Gowin (47), Hammond (21), Elizabeth (19), Abigail (16), John (15), Fortune (?)",Single father
544,RES.173,111,No Claim Found,Graves,Vassel,Phebe,Head,4,?,F,W,Widow,155,4,"Phebe (Vassal) Graves (?), ? (?),  ? (?),  ? (?), ","Widow of Thomas Graves (d. 1747). Thomas gave Phoebe ""the slaves she brought with the little one born since"" implying at least three enslaved people and possibly more"
545,,,,,,?,Enslaved,0,?,?,B,Enslaved,155,,,
546,,,,,,?,Enslaved,0,?,?,B,Enslaved,155,,,
547,,,,,,?,Enslaved,0,?,?,B,Enslaved,155,,,
555,RES.174,71,No Claim Found,Greene,,John,Head,5,?,M,W,Sea Captain,157,5,"John Green (?), Martha Rand (24), John (5), William (3), Son (1)",
560,RES.176,277,Link to Claim Images,Greenleaf,Stevens,Lydia,Head,1,?,F,W,Widow,158,1,Lydia (Stevens) Greenleaf (?),Widow of Stephen
572,RES.179,84,No Claim Found,Hancock,,John,Head,1,76,M,W,Sea captain,161,1,John Hancock (76),Adult children
573,RES.180,323,Link to Claim Images,Hanker,,Cato,Head,1,47,M,B,Shoe maker,162,1,Cato Hanker (47),
574,RES.181,43,Link to Claim Images,Harding,,Jesse,Head,5,?,M,W,Mariner,163,5,"Jesse Harding (?), Mary Newell (?), Isaac (4), Mary (2), Jesse (7mo)",
579,RES.188,49,Link to Claim Images,Harris,,William,Head,7,30,M,W,School master,164,7,"William Harris (30), Rebecca Mason (31), THaddeus Mason (6), Rebecca and Elizabeth Henshhaw (5), Martha (3), Ann (6 mo)",
586,RES.184,120,Link to Claim Images,Harris,,John,Head,3,57,M,W,Potter,165,3,"John Harris (57), Millicent Rand (55), Hannah (14)","Millicent dies Jun 20, 1775"
589,RES.183,166,Link to Claim Images,Harris,,Josiah,Head,4,27,M,W,Painter,166,4,"Josiah Harris (27), Sarah Snow (?), Sarah (1), Adam Snow (6 mo)",
593,RES.185,167,Link to Claim Images,Harris,,Josiah Jr.,Head,6,49,M,W,Potter,167,6,"Josiah Harris Jr. (49), Mellicent Estabrook (?), Millicent (20), John (17), Ebenezer-King (13), Joseph (9)",
599,RES.186,232,Link to Claim Images,Harris,,Samuel,Head,3,25,M,W,Baker,168,3,"Samuel Harris (25), Elizabeth Hall (24), Samuel (10 mo)",
602,RES.187,259,Link to Claim Images,Harris,,Thomas,Head,1,25,M,W,Sea captain,169,1,Thomas Harris (25),
603,RES.189,74,Link to Claim Images,Hay,,John,Head,11,40,M,W,Baker,170,11,"John Hay (40), Katherine Bartlett (44), John (19),  Anna (17), Richard (15), William (13), Edward (?), Mercy (9), Peter (7), Andrew (4), Catherine (?)",Katherine marries John Hay after three children with previous family. Thosechildren listed in household 26. Likely combined families but not certain
614,RES.190,58,No Claim Found,Hender,,Nicholas,Head,1,43,M,W,Mason,171,1,Nicholas Hender (43),
615,RES.191,109,Link to Claim Images,Henley,,Samuel,Head,13,?,M,W,Distiller,172,13,"Samuel Henley (?), Katherine Russel (34), Elizabeth (33), Ezekiel (19), Mary (17), Samuel (15), Sarah (13), Katherine (11), James (8), Sybil (7), Charles (5) Richard (3), Rebecca Tyng (1)",
628,RES.194,387,No Claim Found,Hicks,Penny,Sarah,Head,3,61,F,W,Widow,173,3,"Sarah (Penny) Hicks, 2 children",
631,RES.196,380,Link to Claim Images,Hill,,James,Head,1,?,M,W,Goldsmith,174,1,James Hill (?),
632,RES.198,22,No Claim Found,Hood,Phillips,Lydia,Head,1,71,F,W,Widow,175,1,Lydia (Phillips) Hood (71),
641,RES.200,9,No Claim Found,Hopkins,,Joseph,Head,3,58,M,W,Hatter,177,3,"Joseph Hopkins (58), Ruth Hutchinson (43), Sarah (18)",
653,RES.202,381,Link to Claim Images,Hoppin,,Thomas,Head,9,36,M,W,Baker,179,7,"Thomas Hoppin (36), Hannah Rhodes (35), Thomas (12), Isaac (9), Hannah (8), Elizabeth (6), Abigail (5)",
662,RES.207,162,Link to Claim Images,Hunnewell,,Joseph,Head,1,72,M,W,"""Dumb""",182,1,"Joseph Hunnewell (72), ",
665,RES.209,419,Link to Claim Images,Hunnewell,,William,Head,2,77,M,W,"""Deaf and dumb""",184,1,William Hunnewell (77),
666,RES.210,137,Link to Claim Images,Hunnewell,,Richard,Head,1,61,M,W,Joiner,185,1,Richard Hunnewell (61),"Wife died before 1775, children are adults"
667,RES.211,28,No Claim Found,Hurd,,Benjamin,Head,3,57,M,W,Leather dresser,186,3,"Benjamin Hurd (57), Grace Easterbrook (54), Isaac (18)",
670,RES.212,181,Link to Claim Images,Hutchinson,,Samuel,Head,2,68,M,W,Cordwainer,187,2,"Samuel Hutchinson (68), Sarah Edmands (?)",adult children
674,RES.215,404,No Claim Found,Ireland,Mallet,Martha,Head,1,55,F,W,Widow,190,1,"Martha (Mallet) Ireland (55),  ","Widow of Shadrach Ireland, adult children"
684,RES.219,150,Link to Claim Images,Jenner,,Samuel,Head,2,39,M,W,Rope maker,194,2,"Samuel Jenner (39), Mary Sherrard (?)",
686,RES.218,169,No Claim Found,Jenner,,Billah,Head,0,?,F,B,Enslaved,195,1,Unlisted,possibly enslaved
691,RES.225,201,Link to Claim Images,Johnson,Dowse/Wyer,Katherine,Head,1,?,F,W,Widow,198,1,Katherine (Wyer) Johnson,
692,RES.223,213,No Claim Found,Johnson,unknown,Unknown,Head,1,?,Unknown,W,Widow,199,1,,no widow listed
693,RES.224,230,Link to Claim Images,Johnson,,Joseph,Head,3,42,M,W,Distiller,200,3,"Joseph Johnson (42), Mary Sanford (?), Mary (?)",
696,RES.221,263,No Claim Found,Johnson,Austin,Elizabeth,Head,1,68,F,W,Widow,201,1,Elizabeth Austin (68) ,Eleazer dies in 1743
697,RES.226,360,Link to Claim Images,Johnson,,Matthew,Head,3,84,M,W,Elderly,202,3,"Matthew Johnson (84), Elizabeth Prentice (?), Edward (?)","Edward is Matthew's brother, Matthew keeping him in 1769"
701,RES.228,379,Link to Claim Images,Kelley,Pownell,Mary,Head,1,49,F,W,Widow,204,1,"Mary (Pownell) Kelley (49), ",
703,RES.230,105,Link to Claim Images,Kenney,,Thankful,Head,1,?,F,W,Widow,206,1,Thankful Kenney (?),Taken in by J. Chamberlin
704,RES.231,194,Link to Claim Images,Kent,,Ebenezer,Head,2,?,M,W,Elderly,207,2,"Ebenezer Kent (?), Anna Smith (67)","adult children. ""Mrs. Kent"" also enslaved Jane in 1762, may have been here, but uncertain"
706,RES.232,438,No Claim Found,Kent,Adams,Rebecca,Head,4,55,F,W,Widow,208,4,"Rebecca Kent (?), Samuel (15), Elizabeth (10), Sambo (?)","Samuel or Elizabeth, or another unnamed child, died between Elizabeth's birth and 1775. Sambo in husband's probate inventory. ""Mrs. Kent"" also enslaved Jane in 1762, may have been here, but uncertain"
709,,,,,,Sambo,Enslaved,0,?,M,B,Enslaved,208,,,
710,RES.233,237,Link to Claim Images,Kettell,Lord,Allice,Head,1,61,F,W,Widow,209,1,Alice (Lord) Kettell (61),"Widow of Benjamin, adult children"
712,RES.237,324,No Claim Found,Kettell,,William,Head,2,36,M,W,Leather dresser,211,2,"William Kettelll (36), Andrew Kettell (25)","May be other people, but William and Andrew are only brothers in documents. Both unmaried in 1775"
714,RES.236,325,Link to Claim Images,Kettell,Rand,Sarah,Head,2,50,F,W,Widow,212,2,"Sarah (Rand) Kettell (?), Timothy (20), ","Widow of Richard, Timothy taken prisoner and was ""demented"""
716,RES.235,326,Link to Claim Images,Kettell,,John,Head,4,35,M,W,Cooper,213,4,"John Kettell (35), Katherine Souther (?), Mary (6), John (2)",
720,RES.238,101,Link to Claim Images,Kidder,,Isaac,Head,3,68,M,W,Hatter,214,3,"Isaac Kidder (68), Hannah Mousell (70), Son (?)",unclear which son
723,RES.239,136,Link to Claim Images,Kidder,,John,Head,1,22,M,W,Looking glass maker,215,1,John Kidder (22),
724,RES.240,179,Link to Claim Images,King,Munker,Martha,Head,2,?,F,W,Widow,216,2,"Martha (Bunker) King (?), Martha (19)",
726,RES.241,191,No Claim Found,Kettell,Stimpson,Ruth,Head,4,31,F,W,Widow,217,4,"Ruth (Stimpson) Kettell (31), Jonathan (19), Ebenezer (14), Rebecca (12)",Widow of William
730,RES.242,79,No Claim Found,Lamson,,John,Head,5,43,M,W,Stone cutter,218,5,"John Lamson (43), Francis Webb (42), Caleb (15), John (6), Samuel (2)",
735,RES.243,85,Link to Claim Images,Lamson,,Joseph,Head,7,46,M,W,Stone cutter,219,7,"Joseph Lamson (46), Susanna Frothingham (45), Hannah (19), Elizabeth (17), Joseph (15), Nathaniel (13), William (?)",
742,RES.244,88,Link to Claim Images,Lamson,,William,Head,1,45,M,W,Chair maker,220,1,William Lamson (45),
743,RES.249,3,Link to Claim Images,Larkin,,Thomas,Head,3,45,M,W,Chair maker,221,3,"Thomas Larkin (45), Mary Capen (40), Mary (6)",
746,RES.246,4,No Claim Found,Larkin,,John,Head,4,40,M,W,Chair maker,222,4,"John Larkin (40), Katherine Frothingham (44), Edward (19), Mercy (15)",
750,RES.248,6,Link to Claim Images,Larkin,,Samuel,Head,2,73,M,W,Chair maker,223,2,"Samuel Larken (73), Hannah Harris (74)",adult children
752,RES.250,144,No Claim Found,Larkin,,Zechariah,Head,6,39,M,W,Fisherman,224,6,"Zachariah Larkin (39), Sarah Sweetser (?), Isaac (8), Hannah (6), Samuel (4), Zechariah (11 mo), ",
758,RES.247,168,Link to Claim Images,Larkin,,John,Head,7,40,M,W,Deacon,225,7,"John Larkin (40), Ruth Kettell (38), Sarah (13), Ruth (9), Phillips (?), Mary (4), Elizabeth (1)",
765,RES.245,217,Link to Claim Images,Larkin,,Ebenezer,Head,9,35,M,W,Ferryman,226,9,"Ebenezer Larkin (35), Mary Oliver (35), Mary (13), Rebecca (12), Ruth (9), Ebenezer (?), Thomas Oliver (5), Isaac (3), Samuel (2)",
774,RES.251,158,Link to Claim Images,Lawrence,Grant,Sarah,Head,1,60,F,W,Widow,227,1,Sarah (Grant) Lawrence (?),Adult children
776,RES.253,249,No Claim Found,Leathers,,William,Head,2,?,M,W,Cordwainer,229,2,"William Leathers (?), Susanna Brett (77)",Adult children
778,RES.254,250,Link to Claim Images,Leathers,,William Jr. ,Head,10,42,M,W,Cordwainer,230,10,"William Leathers Jr. (42), Ruth Richardson (45), Mary (18), WIlliam (16), Susanna (14), Ruth (11), Sarah (8), Phoebe (6), Martha (4), William (2)",
788,RES.255,159,Link to Claim Images,Lee,,Francis,Head,1,70,M,W,Widow,231,1,"Francis (?) Lee (70), ",Adult Children
789,RES.256,129,Link to Claim Images,Lemmon,,Elizabeth,Head,1,?,F,W,Widow,232,1,"Elizabeth (Phillips) Lemmon (?),",adult Children
790,RES.258,160,Link to Claim Images,Lewis,,Mary,Head,2,?,F,W,Widow,233,2,"Joseph (?), Mary (?) (?)","Two Marys, both married to Josephs (father and son), minimum 2 children but up to "
792,RES.259,328,Link to Claim Images,Lorde,,Samuel,Head,2,22,M,W,Merchant,234,2,"Samuel Lorde (22), Mary Blodget (23)",
794,RES.260,327,Link to Claim Images,Lynch,,Ann,Head,1,?,F,W,Widow,235,1,Anna Linch (?),Two Anna Linch widows
795,RES.261,127,Link to Claim Images,Lynde,,Joseph,Head,4,73,M,W,Merchant,236,5,"Joseph Lynde (73), Mary Lemmon (?), Elizabeth (18), Hannah (14)",
800,RES.263,89,No Claim Found,Mallett,,Isaac,Head,8,47,M,W,School master,238,8,"Isaac Mallet (47), Ann Gardner (53), Anna (19), Mary (16), James (14), Michael (12), Andrew (10), Rachel (6)",
808,RES.264,90,Link to Claim Images,Mallett,Robbins,Martha,Head,1,56,F,W,Widow,239,1,"Martha (Robbins) Mallet (56), ",
816,RES.265,388,Link to Claim Images,Manning,,Caleb,Head,6,28,M,W,Chaise maker,242,2,"Caleb Manning (28), Rachel Rand (?)",
818,RES.268,446,Link to Claim Images,Manning,Wood,Sarah,Head,1,53,F,W,Widow,243,1,Sarah (Wood) Manning (53),adult children
826,RES.270,269,Link to Claim Images,Mardlin,,Thomas,Head,1,?,M,W,Shipwright,245,1,Thomas Mardlen (?),Adult children and wife deceased
834,RES.278,261,Link to Claim Images,Miller,,Thomas,Head,2,27,M,W,Deacon,248,2,"Thomas Miller (27), Hannah Rand (25), ",no kids
836,RES.277,395,No Claim Found,Miller,,Stephen,Head,1,56,M,W,Blacksmith,249,1,Stephen Miller (56),
837,RES.274,397,Link to Claim Images,Miller,,James,Head,4,39,M,W,Cordwainer,250,4,"James Miller (39), Lydia Coolidge (?), Sarah (12), Abigail (8)",
841,RES.273,428,Link to Claim Images,Miller,Coolidge,Eunice,Head,7,?,F,W,Widow,251,7,"Eunice (Coolidge) Miller (?), Joseph (9), Isaac (7), William (5), James (3), Thomas (2), Abigail (?) ",Widow of Joseph
851,RES.282,351,Link to Claim Images,Moore,,Elizabeth,Head,1,?,F,W,Widow,255,1,Elizabeth Moore,
852,RES.283,208,Link to Claim Images,Munro,,David,Head,7,31,M,W,Leather dresser,256,7,"David Munroe (31), Eliza Foye (?), Lovis (8), Eliza (7), Jane Boucher (5), Abigail (3), David (3)",
865,RES.290,44,Link to Claim Images,Newell,,Mary,Head,1,?,F,W,Widow,258,1,Mary NewellL(?),"Adult children, widow of David"
866,RES.287,184,Link to Claim Images,Newell,,Eliphalet,Head,7,39,M,W,Baker,259,7,"Eliphalet Newell (39), Abigail Mardlen (36), Abigail (17), Hannah (15), John (9), Elizabeth (6), Abigail (?)",
873,RES.291,209,Link to Claim Images,Newell,,Thomas,Head,4,50,M,W,Hatter,260,4,"Thomas Newell (50), Ann (18), Margaret (15), Mary (13)",
877,RES.286,262,Link to Claim Images,Newell,,David,Head,4,31,M,W,Mariner,261,4,"David Newell (31), Hannah Trumbull (37), Hannah (7), David (4),",
881,RES.284,296,Link to Claim Images,Newell,Kettel,Abigail,Head,1,67,F,W,Widow,262,1,Abigail (Kettle) Newell (?),"adult kids, widow of Eliphalet"
882,RES.289,299,Link to Claim Images,Newell,Ivory,Martha,Head,1,77,F,W,Widow,263,1,Martha (Ivory) Newell (77),"Adult kids, widow of Andrew"
883,RES.285,301,Link to Claim Images,Newell,,Andrew,Head,8,45,M,W,Mariner,264,8,"Andrew Newell (45), Sarah Avis (?), Andrew (?), Thomas (?), Eunice (6), Jonathan Amory (4), Elizabeth (?), Rebecca (1)",
891,RES.288,330,Link to Claim Images,Newell,,James,Head,6,44,M,W,Potter,265,6,"James Newell (44), Eunice Rand (?), James (16), Sarah (14), Joseph (11),  Mary (8)",
905,RES.295,268,No Claim Found,Orr,Halsey,Elizabeth,Head,3,?,F,W,Widow,268,3,"Elizabeth (Halsey) Orr (?), Jane (13), Elizabeth (9)",
908,RES.015,154,No Claim Found,Osbourn,Ireland,Elizabeth,Head,1,64,F,W,Widow,269,1,Elizabeth (Ireland) Osbourn (?),
909,RES.296,369,Link to Claim Images,Page,Osborne/Holmes,Jane,Head,6,?,F,W,Widow,270,6,"Jane (Holmes) Jane (?), John (12), Jane (11), James (10), Jacob (9), Samuel (6)",Widow of John
915,RES.297,72,Link to Claim Images,Pain,,William,Head,2,?,M,W,Miller,271,2,"William Pain (?), Mary Lowden (?)",adult children
917,RES.298,464,No Claim Found,Paine,,Unknown,Head,1,?,Unknown,W,Widow,272,1,,Possibly Phebe Paine or Elizabeth Paine
918,RES.299,155,Link to Claim Images,Parker,Goodwin/Center,Abigail,Head,1,49,F,W,Widow,273,1,Abigail (Center) Parker (?),"Widow of John, pottery, son of Grace and Isaac"
919,RES.303,445,Link to Claim Images,Penney,,John,Head,3,62,M,W,Leather dresser,274,3,"John Penney (62), Mary Kettel (?), Samuel (16)",
922,RES.304,76,No Claim Found,Penney,,John Jr.,Head,4,39,M,W,Blacksmith,275,4,"John Penney (39), Mary Nutting (6), Samuel Nutting (3), Elizabeth (1)",
926,RES.305,226,Link to Claim Images,Penney,,Johnathan,Head,4,?,M,W,Potter,276,4,"Jonathan Penney (?), Abigail Larken (?), Thomas Mardlen (3), Jonathan (1)",Claimed with D Manning who co-purchased John Harris kiln house in 1767
930,RES.307,134,Link to Claim Images,Phillips,,Nathaniel,Head,3,41,M,W,Mason,277,3,"Nathaniel Phillips (41), Ann Chamberlain (42), Ann (17)",
933,RES.306,333,Link to Claim Images,Phillips,webb/Goodwin,Abigail,Head,1,56,F,W,Widow,278,1,"Abigail (Goodwin) Phillips (?), ",widow of Joshua
934,RES.308,332,No Claim Found,Phipps,Webb,Elizabeth,Head,5,52,F,W,Baker,279,5,"Elizabeth (Webb) Phipps (52), Sarah (17), (Bethiah (15), Hannah (12), Samuel (8)",widow of Joseph
940,RES.310,256,No Claim Found,Peck,,Moses,Head,2,58,M,W,Watch maker,281,2,"Moses Peck (58), Elizabeth Townsend (58)",
942,RES.311,106,Link to Claim Images,Pierce,,Stephen,Head,2,69,M,W,Leather dresser,284,2,"Stephen Pierce (69), Elizabeth Rand (69), ",adult children
944,RES.301,189,Link to Claim Images,Pierce,,Samuel,Head,3,?,M,W,Shoe keeper,282,3,"Samuel Pierce (?), Hannah Larkin (?), Jemima (?)",
950,RES.312,257,Link to Claim Images,Piles,Mirick,Katherine,Head,1,?,F,W,Widow,285,1,Katherine (Mirick) Piles (?),
951,RES.313,164,Link to Claim Images,Power,,Edward,Head,2,?,M,W,Blacksmith,286,2,"Edward Power (?), Susanna (?) (?), ",
953,RES.314,231,Link to Claim Images,Powers,,Battery,Head,6,38,F,W,Inn holder,287,6,"Batterh Powers (38), Sarah Rand (?), Eliza (14), Battery Manning (12), Thomas (8), Sarah (1)",
959,RES.316,372,Link to Claim Images,Powers,,Thomas,Head,2,?,M,W,Blacksmith,288,2,Thomas Powers (?),
960,,,,,,Essex,Enslaved,0,?,M,B,Enslaved,288,,,
961,RES.315,373,No Claim Found,Powers,Austin,Joanna,Head,2,55,F,W,Widow,289,2,"Joanna (Austin) Powers (?), Thomas (15)",widow of Thomas
963,RES.317,119,No Claim Found,Prentice,,Thomas,Head,2,72,M,W,Reverend,290,2,"Thomas Prentice (72), Mary Butman (73), ",adult children
965,RES.318,298,Link to Claim Images,Preston,,Samuel,Head,2,?,M,W,Sea captain,291,2,"Samuel Preston (?), Mary Symmes (?)",
973,RES.328,60,No Claim Found,Rand,Moore,Martha,Head,4,?,F,W,Widow,294,4,"Martha (Moore) Rand (?), Martha (?), Abigail (?), Joseph (?)",Wife of Joseph
977,RES.329,61,Link to Claim Images,Rand,Hill/Ivory,Mary,Head,2,64,F,W,Widow,295,2,"Mary Isaac (?), (man)?","Husband Joseph lists man in inventory 1770. May have gone to daughter, Deborah Rand Frothingham."
978,,,,,,Unknown,enslaved,0,?,M,B,Enslaved,295,,,
979,RES.325,117,Link to Claim Images,Rand,,Isaac,Head,2,?,M,W,Physician,296,2,"Isaac Rand, ?","Two Isaacs, father and son, both physicians. Both had living wives. Father did not have young children but son Isaac did"
981,RES.326,146,No Claim Found,Rand,,John,Head,2,54,M,W,Cordwainer,297,2,"John Rand (54), Abigail Cook (?)","adult children, may also be their son, John"
983,RES.334,175,Link to Claim Images,Rand,,Nehemiah,Head,5,43,M,W,Hatter,298,5,"Rev. Nehemiah Rand (43), Mary Frost (?), Mary (11), Elizabeth (8), Nehemiah (?)",
988,RES.337,176,No Claim Found,Rand,,Thomas,Head,5,40,M,W,Leather dresser,299,5,"Thomas Rand (40), Rachel Dorrell (?), Thomas (2), Jonathan (1), William  (3 mo)",
994,RES.336,180,Link to Claim Images,Rand,,Samuel,Head,2,40,M,W,Sea captain,301,2,"Samuel Rand (40), Mary Bradish (?)",Samuel captured by British at some point and held priosoner at St. Lucia. Dies in 1781 after being freed
996,RES.333,185,Link to Claim Images,Rand,,Nathaniel,Head,2,66,M,W,Leather dresser,302,3,"NR 57 66, Elizabeth Hoppin 55, adult children",Three Nathaniels
998,RES.332,143,Link to Claim Images,Rand,,Nathaniel,Head,8,57,M,W,Ferryman,303,8,"NR 62 57, Hephzibah Larkin 49, Jonathan (15, Elizabeth 13, Mary 11, Nancy 9, Joanna 8, Thomas 6",
1006,,185,Link to Claim Images,Rand,,Nathaniel,Head,1,28,M,W,Brick maker,304,,,
1007,RES.321,350,Link to Claim Images,Rand,,Abraham,Head,2,39,M,W,Tin worker,305,2,"Abraham Rand (39), Mary Hunt (?)",
1011,RES.322,402,No Claim Found,Rand,Devens,Anna,Head,4,34,F,W,Widow,307,4,"Anne (Devens) Rand (?), Mary (19), Abraham (18), Elizabeth (14)",
1015,RES.335,403,Link to Claim Images,Rand,Watson,Rebecca,Head,3,?,F,W,Widow,308,3,"Rebecca (Watson) Rand (?), Rebecca (11), Susanna (9)",
1023,RES.338,135,No Claim Found,Rand,Devens,Ann,Head,4,53,M,W,Widow,312,,,unclear which Thomas this is.  Enslaved man Sold in 1770
1026,,,,,,May,Enslaved,0,?,F,B,Enslaved,312,,,
1029,RES.343,172,Link to Claim Images,Rayner,,Thomas,Head,7,34,M,W,Baker,314,7,"Thomas Rayner (34), Abigail Stone (28), Abigail (11), John (8), Anne (6), Sarah (4), Thomas (2 mo)",
1036,RES.340,173,Link to Claim Images,Rayner,Rand,Ann,Head,2,55,F,W,Widow,315,2,"Anne (Rand) Rayner (?), Hannah (16)",Widow of John
1038,RES.342,174,Link to Claim Images,Rayner,,James,Head,2,29,M,W,Cooper,316,2,"James Rayner (29), Katherine Bispham",
1040,RES.341,255,No Claim Found,Rayner,,Isaac,Head,1,22,M,W,Hatter,317,1,Isaac Rayner (22),
1043,RES.347,304,Link to Claim Images,Runey,Lane,Joanna,Head,6,42,F,W,Widow,320,6,"Joanna (Lane) Runey (42), James (18), John (16), George (14), Robert (12), Joanna (9)",WIdow of James
1049,RES.348,11,Link to Claim Images,Russell,,James,Head,5,59,M,W,Councillor,321,5,"James Russell (59), Katherine Greaves (58), Chambers (19), Margaret (17), Phillis (?)",Likely the James Russel mentioned with Phillis' baptism in 1741
1055,,,,,,Cato,Enslaved,0,?,M,B,Enslaved,322,,,
1066,RES.353,114,Link to Claim Images,Russell,,Charles,Head,6,29,M,W,Physician,326,6,"Charles Russel (29), Elizabeth Vassall (?), Penelope (6), Elizabeth  Vassal (4), Rebecca (2), Catherine Graves (3)",
1072,RES.354,5,Link to Claim Images,Russell,,Thomas,Head,7,36,M,W,Merchant,327,7,"Thomas Russel (35), Elizabeth Henley (?), Thomas Greaves (8), John Miller (7), Daniel (6), James (4) Elizabeth (3)",
1079,RES.355,17,Link to Claim Images,Scottow,Smith,Mary,Head,1,75,F,W,Widow,328,1,"Mary (Smith) Scottow (75), ",Widow of Joshua
1082,,,,,,Cato,Enslaved,0,?,M,B,Enslaved,329,,,
1089,RES.357,410,Link to Claim Images,Shed,Ireland,Abigail,Head,1,75,F,W,Widow,331,1,Abigail (Ireland) Shed (75),adult children
1102,RES.366,151,No Claim Found,Snow,Hill,Mary,Head,4,53,F,W,Widow,336,4,"Mary (Hill) Snow (53), Samuel Moore (?), Abraham (17), Isaac (14)",Widow of Abraham
1106,RES.367,394,Link to Claim Images,Snow,,Jeremiah,Head,1,?,M,W,Mariner,337,1,Jeremiah Snow (?),
1107,RES.368,274,Link to Claim Images,Soley,Coffin,Dorcas,Head,1,81,F,W,Widow,338,1,Dorcas (Coffin) Soley (?),widow of John
1115,RES.370,121,Link to Claim Images,Souther,,"Nathaniel, Estate of",Head,2,79,M,W,Housewright,340,2,,Could be One of two Nathaniel Southers
1118,RES.372,204,No Claim Found,Sprague,,John,Head,3,63,M,W,Founder,342,3,"John Sprague (63), Lucy Richardson (?), Mary (17)",
1122,RES.373,341,Link to Claim Images,Sprague,,Nathan,Head,1,50,M,W,Founder,344,1,Nathan Sprague (50),
1123,RES.375,382,Link to Claim Images,Sprague,,Samuel,Head,6,54,M,W,Founder,345,6,"Samuel Sprague (54), Sarah Eaton (?), Samuel (11), Sarah (9), Mary (8), Jenny Day 1)",
1134,RES.378,34,No Claim Found,Stedman,,William,Head,1,10,M,W,Child,348,1,William Stedman (10),
1135,RES.379,122,Link to Claim Images,Stevens,Jenner/Wyer,Abigail,Head,5,?,F,W,Widow,349,5,"Abigail (Wyer) Stevens (?), Flora (?), Dinah (?), Sambo (?), Violet (?)","adult children, widow of John.  John willed Flora to Abigail in 1735. Flora may have died before 1775"
1136,,,,,,Flora,enslaved,0,?,F,B,Enslaved,349,,,
1137,,,,,,Dinah,enslaved,0,?,F,B,Enslaved,349,,,
1138,,,,,,Sambo,enslaved,0,?,M,B,Enslaved,349,,,
1139,,,,,,Violet,enslaved,0,?,F,B,Enslaved,349,,,
1140,RES.380,384,Link to Claim Images,Stevens,Ingalls,Elizabeth,Head,1,?,F,W,Widow,350,1,Elizabeth (Ingalls) Stevens (?),"adult children, widow of John"
1141,RES.381,93,Link to Claim Images,Stimpson,,John,Head,14,49,M,W,Baker,351,14,"John Stimpson (47), Susanna Fosdick (?), William (19), Abigail (18), Andrew (16), Ruth (14), Rebecca (12), Mary (10), Elizabeth (9), Benjamin (6), Joseph (5), Anna (3), Nathaniel (1)",
1154,,,,,,Unknown,Enslaved,0,?,F,B,Enslaved,351,,,
1155,RES.382,108,Link to Claim Images,Stone,,John,Head,11,50,M,W,Cooper,352,11,"John Stone (50), Sarah Miller (?), Ebenezer (?), Samuel  (?), Joseph (?), Isaac (?), Daniel (?), Nancy (?), Sarah (?), Hannah (?), Elizabeth (?), ","About 9 children, possibly less, none given dates"
1166,RES.384,303,Link to Claim Images,Stone,,Elias,Head,8,61,M,W,Cooper,353,8,"Elias Stone (61), Hannah Webb (?), Hannah 20, Elias (18), Ebenezer (12), William (10), Bethia (9), Samuel (3)",
1175,RES.386,20,Link to Claim Images,Swan,,Samuel,Head,4,54,M,W,Barber,355,4,"Samuel Swan (54), Joanna Richardson (51), Joanna (19), Timothy (15)",
1179,RES.387,222,Link to Claim Images,Swan,,Samuel Jr.,Head,1,26,M,W,Mariner,356,1,Samuel Swan Jr (26),
1180,RES.385,338,Link to Claim Images,Swan,,Daniel,Head,1,22,M,W,Tanner,357,1,"Daniel Swan (22), ",
1182,RES.389,190,Link to Claim Images,Sweetser,,Henry,Head,5,32,M,W,Goldsmith,359,5,"Henry Sweetser (32), Sarah Kettell (31), Henry (6), Seth (3), James (1)",
1188,RES.392,219,Link to Claim Images,Sweetser,,Seth,Head,2,72,M,W,School master,361,2,"Seth Sweetser (72), Hannah Bradshaw (69)",
1191,RES.388,377,Link to Claim Images,Sweetser,,Benjamin,Head,6,44,M,W,Leather dresser,363,6,"Benjamin Sweetser (44), Benjamin (15), Franchis (?), Mehetable (?), Hepzibah (13), Joseph (?)",
1197,RES.395,288,Link to Claim Images,Taylor,Mardlen,Sarah,Head,7,44,F,W,Widow,364,7,"Sarah (Mardlen) Tayler (?), Thomas (17), Sarah (15), Abigail (14), William (12), Margaret (13), Hannah 4)",widow of John
1206,RES.397,225,Link to Claim Images,Teel,,William,Head,5,33,M,W,Baker,367,4,"William Teal (33), Susanna Hay (?), William (?), Sarah (?)",
1215,,,,,,Dutches,Enslaved,0,?,F,B,Enslaved,368,,,
1216,,,,,,Sambo,Enslaved,0,?,M,B,Enslaved,368,,,
1217,,,,,,Limerick,Enslaved,0,?,M,B,Enslaved,368,,,
1218,,,,,,Bandon,Enslaved,0,?,M,B,Enslaved,368,,,
1219,,,,,,Kerry,Enslaved,0,?,?,B,Enslaved,368,,,
1220,,,,,,Mallow,Enslaved,0,?,?,B,Enslaved,368,,,
1227,,,,,,Jack,Enslaved,0,?,M,B,Enslaved,370,,,
1228,RES.403,171,Link to Claim Images,Thompson,,Timothy,Head,2,25,M,W,Ship chandler,371,2,"Timothy Thompson (25), Mary Frothingham (21)",
1230,RES.402,374,No Claim Found,Thompson,Unknown,Elizabeth,Head,1,?,F,W,Widow,372,1,Elizabeth (?) Thompson (?),Widow of William
1233,RES.408,37,No Claim Found,Townsend,,Shippie,Head,2,53,F,W,Deacon,374,2,"Shippie Townsend (53), Ann Balach (56)",adult children
1235,RES.404,56,Link to Claim Images,Townsend,,Aaron,Head,7,37,M,W,Servant,375,7,"Aaron Townsend (37), Hephzibah Wolcott (?), Aaron (6),  John (7), Hepzibah (5), Sarah (3), Phebe (1)",
1242,RES.407,254,Link to Claim Images,Townsend,,Samuel ,Head,8,41,M,W,Pump maker,376,8,"Samuel Townsend (41), Mary Austin (38), Mary (16), Mabel (14), Ruth (12), Samuel (8), Sarah (5), David (1) ",
1250,RES.409,368,Link to Claim Images,Trask,,Isaac,Head,2,?,M,W,Truckman,377,2,Isaac Trask (?) Elizabeth (?) (?),up to 7 children but not clear who was alive in 1775
1252,RES.411,342,Link to Claim Images,Trout,Harris,Mary,Head,1,?,F,W,Widow,378,1,Mary (Harris) Trout (?),Worked for Mary Bateman in Bow street in 1768
1253,RES.410,140,Link to Claim Images,Trow,,Richard,Head,1,35,M,W,Blacksmith,379,1,Richard Trow (35),
1254,RES.412,220,Link to Claim Images,Trow,,Bartholomew,Head,8,38,M,W,Sea captain,380,8,"Bartholomew Trow (38), Mary Call (?), Elizabeth (14), Mary (13), Richard (9), Hannah (7), Sarah (5), Joanna (1), ",
1262,RES.414,2,Link to Claim Images,Trumball,,Richard,Head,2,30,M,W,Inn holder,381,2,"Richard Trumball (30), Hannah Bunker (37)",
1264,RES.413,243,Link to Claim Images,Trumball,,James,Head,2,52,M,W,Tanner,382,2,"James Trumball (52), Phebe Johnson (62)",adult children
1266,RES.415,170,Link to Claim Images,Tucker,,Stephen,Head,6,?,M,W,Sea captain,383,6,"Stephen Tucker (?), Abigail Newell (?), Mary (13), Stephen (11), Abigail (8), Joseph (5)",
1298,RES.421,440,Link to Claim Images,Tufts,Pierce,Elizabeth,Head,1,42,F,W,Widow,388,1,Elizabeth (Pierce ) Tufts (?),
1299,RES.416,461,No Claim Found,Tufts,,Daniel,Head,2,21,M,W,Brick maker,389,2,"Daniel Tufts (21), Abigail Tufts (?)",
1301,RES.422,343,Link to Claim Images,Turner,,John,Head,6,?,M,W,Housewright,390,6,"John Turner (?), Hannah Davis (?), William (16), Barnabas (13), Hannah (2), Nathaniel (1)",
1307,RES.423,289,Link to Claim Images,Tysick,Myrick,Rebecca,Head,4,39,F,W,Widow,391,4,"Rebecca (Myrick) Tysick (39), Joseph (17), Zechariah (15), Samuel (13), ",
1311,RES.424,19,Link to Claim Images,Wait,,David,Head,11,38,M,W,Baker,392,11,"David Wait (38), Rebecaa Wiid (?), Samuel (14), Rebecca (12), Ruth (9), Elizabeth (8), Mary (6), David (5), Sarah (4), Susanna (2), Lydia (1),",
1327,RES.427,248,Link to Claim Images,Wallis,Leathers,Susannah,Head,1,45,F,W,Widow,395,1,Susanna (Leathers) Wallis (45),widow of Robert
1332,RES.428,264,Link to Claim Images,Waters,,Abraham,Head,7,47,M,W,Cooper,397,7,"Abraham Waters (47), Mary Collins (46), Grace (17), Mary (11), Abraham (7), Martha (4), Rachel Draper (1)",
1339,RES.432,345,Link to Claim Images,Watson,Larkin,Lydia,Head,4,47,F,W,Widow,398,4,"Lydia (Larkin) Watson (?), Lydia (16), Alexander (14), Mary (11)","""In poor circumstances"" in1772, widow of Alexander"
1345,RES.436,207,Link to Claim Images,Welsh,,Thomas,Head,2,23,M,W,Widow,400,2,"Thomas Welsh (23), Mary (Mousell) Welsh (54)",Mother and son
1349,RES.438,265,Link to Claim Images,Wheeler,Stone,Sarah,Head,1,74,F,W,Widow,403,1,Sarah (Stone) Wheeler (?),adult kids
1355,RES.443,126,Link to Claim Images,Whittemore,,Josiah,Head,2,72,M,W,Carter,406,2,"Josiah Whittemore (72), Katherine Fowle (?)",
1357,RES.442,233,Link to Claim Images,Whittemore,,Joseph,Head,7,32,M,W,Cooper,407,7,"Joseph Whittemore (32), Alice Kettell (32), Alice (9), Sarah (8), Mary Kettell (6), Joseph (4), Abigail (3)",
1364,RES.444,45,Link to Claim Images,Wolcott,Wolcott,Mary,Head,1,?,F,W,Widow,408,1,Mary Wilcott,widow
1365,RES.445,81,Link to Claim Images,Williams,Sparhawk,Abigail,Head,1,?,F,W,Widow,409,1,Abigail (Sparhawk) Williams (?),"adult children, widow of Thomas"
1366,RES.446,52,Link to Claim Images,Wood,,Benjamin,Head,2,30,M,W,Baker,410,2,"Benjamin Wood (30), Sarah Wait (?), unknown (?)","servant death recorded in 1789 document. Possibly enslaved prior to 1783, Possibly Boswain, enslaved by father, who died  in the 1770s"
1368,RES.450,66,Link to Claim Images,Wood,,Thomas,Head,2,68,M,W,Joiner,411,2,"Thomas Wood (68), Rebecca Osburn (59), ",adult children
1370,RES.447,130,Link to Claim Images,Wood,,David,Head,4,64,M,W,Baker,412,4,"David Wood (64), Ruth Hopkins (63), William (21), Boswain (?)",William is an adult but unable to live alone due to mental or physical issues.  Servant of Benjamin Wood may be Boswain
1373,,,,,,Boswain,enslaved,0,?,M,B,Enslaved,412,,,
1374,RES.448,131,Link to Claim Images,Wood,,David Jr,Head,8,33,M,W,Baker,413,8,"David Wood Jr. (33), Margaret Sprague (32), Ruth (8), Margaret (7), David (5), Sarah (3), William (2), Samuel (8 mo)",
1382,RES.449,347,Link to Claim Images,Wood,Bradish,Elizabeth,Head,1,64,F,W,Widow,414,1,"Elizabeth (Bradish) Wood (?), ","adult children, widow of John"
1383,RES.453,14,Link to Claim Images,Wyer,,John,Head,2,70,M,W,Saddler,415,2,"John Wyer (70), Sarah Breed (73)",Adult children
1385,RES.452,25,Link to Claim Images,Wyer,Boylston,Elizabeth,Head,1,72,F,W,Widow,416,1,Elizabeth (Boylston) Wyer (?),"Adult children, widow of Nathaniel"
1386,RES.455,210,Link to Claim Images,Wyer,,William,Head,1,67,M,W,Sail maker,417,1,William Wyer (67),adult children
1387,RES.451,346,No Claim Found,Wyer,,Eleazer,Head,2,33,M,W,Goldsmith,418,2,"Eleazer Wyer (33), Lydia Austin (35)",
1389,RES.454,462,No Claim Found,Wyer,Swain,Katherine,Head,1,81,F,W,Widow,419,1,Katherine (Swain) Wyer (81),widow of Robert